<?xml version="1.0" encoding="utf-8" ?>
<windowlevelpresetlist>
	<preset>
		<modality>CT</modality>
		<presetName>Bone</presetName>
		<window>2500</window>
		<level>480</level>
    <key>F7</key>
	</preset>
	<preset>
		<modality>CT</modality>
		<presetName>Abdomen/Pelvis</presetName>
		<window>350</window>
		<level>40</level>
    <key>F4</key>
	</preset>
  <preset>
		<modality>CT</modality>
		<presetName>Lung</presetName>
		<window>1500</window>
		<level>-600</level>
    <key>F5</key>
	</preset>
  <preset>
		<modality>CT</modality>
		<presetName>Brain</presetName>
		<window>80</window>
		<level>40</level>
    <key>F6</key>  
	</preset>
  <preset>
		<modality>CT</modality>
		<presetName>Chest</presetName>
		<window>350</window>
		<level>40</level>
    <key>F3</key>  
	</preset>
  <preset>
		<modality>CT</modality>
		<presetName>Head/Neck</presetName>
		<window>350</window>
		<level>90</level>
    <key>F8</key>
	</preset>
	<preset>
		<modality>MR</modality>
		<presetName>Brain_T1</presetName>
		<window></window>
		<level></level>
    <key>F3</key>
	</preset>
	<preset>
		<modality>MR</modality>
		<presetName>Brain_T2</presetName>
		<window></window>
		<level></level>
    <key>F4</key>
	</preset>
    <preset>
		<modality>MR</modality>
		<presetName>Sag_T2</presetName>
		<window></window>
		<level></level>
    <key>F5</key>
	</preset>
	<preset>
		<modality>MR</modality>
		<presetName>Head/Neck</presetName>
		<window></window>
		<level></level>
    <key>F6</key>
	</preset>
  <preset>
		<modality>MR</modality>
		<presetName>Spine</presetName>
		<window></window>
		<level></level>
    <key>F7</key>
	</preset>
  <preset>
		<modality>MR</modality>
		<presetName>Abdomen/Pelvis T1</presetName>
		<window></window>
		<level></level>
    <key>F8</key>
	</preset>
  <preset>
		<modality>MR</modality>
		<presetName>Abdomen/Pelvis T2</presetName>
		<window></window>
		<level></level>
    <key>F9</key>
	</preset>
</windowlevelpresetlist>

